antecedents,consequents,antecedent support,consequent support,support,confidence,lift,leverage,conviction,zhangs_metric
"frozenset({'PINK REGENCY TEACUP AND SAUCER', 'ROSES REGENCY TEACUP AND SAUCER'})",frozenset({'GREEN REGENCY TEACUP AND SAUCER'}),0.025855314703577957,0.04528597545050927,0.023609297466701488,0.9131313131313131,20.163666655016137,0.022438414319770065,10.990312608185997,0.9756310944506393
"frozenset({'PINK REGENCY TEACUP AND SAUCER', 'GREEN REGENCY TEACUP AND SAUCER'})",frozenset({'ROSES REGENCY TEACUP AND SAUCER'}),0.027422303473491772,0.04747975972838862,0.023609297466701488,0.8609523809523809,18.13303997066373,0.02230729308658114,6.850316796473916,0.9714926142790603
frozenset({'PINK REGENCY TEACUP AND SAUCER'}),frozenset({'GREEN REGENCY TEACUP AND SAUCER'}),0.03295899712718726,0.04528597545050927,0.027422303473491772,0.832012678288431,18.372413755284903,0.025929723138716564,5.6832504668936625,0.9777978055216902
frozenset({'SET/6 RED SPOTTY PAPER CUPS'}),frozenset({'SET/6 RED SPOTTY PAPER PLATES'}),0.020161922172891093,0.02491512144162967,0.01650561504309219,0.8186528497409327,32.85767045763135,0.016003278303657924,5.376896616050443,0.9895162558258956
"frozenset({'JUMBO SHOPPER VINTAGE RED PAISLEY', 'JUMBO BAG PINK POLKADOT'})",frozenset({'JUMBO BAG RED RETROSPOT'}),0.02120658135283364,0.09072864977800993,0.017027944633063462,0.8029556650246304,8.850078415023921,0.015103900140513344,4.614552102376597,0.9062245760866824
"frozenset({'JUMBO STORAGE BAG SUKI', 'JUMBO BAG PINK POLKADOT'})",frozenset({'JUMBO BAG RED RETROSPOT'}),0.023348132671715854,0.09072864977800993,0.018594933402977278,0.7964205816554809,8.778049531257444,0.01647658885083466,4.46642080823329,0.9072623581684517
"frozenset({'REGENCY CAKESTAND 3 TIER', 'GREEN REGENCY TEACUP AND SAUCER'})",frozenset({'ROSES REGENCY TEACUP AND SAUCER'}),0.022721337163750327,0.04747975972838862,0.018072603813006006,0.7954022988505747,16.75244995763944,0.016993800183763435,4.655576455260122,0.962169004859693
frozenset({'PINK REGENCY TEACUP AND SAUCER'}),frozenset({'ROSES REGENCY TEACUP AND SAUCER'}),0.03295899712718726,0.04747975972838862,0.025855314703577957,0.7844690966719492,16.522179159278842,0.024290429439090454,4.41941376184843,0.97149479018335
"frozenset({'REGENCY CAKESTAND 3 TIER', 'ROSES REGENCY TEACUP AND SAUCER'})",frozenset({'GREEN REGENCY TEACUP AND SAUCER'}),0.02319143379472447,0.04528597545050927,0.018072603813006006,0.7792792792792792,17.20796055571142,0.017022357111516003,4.325439049999732,0.9642496939207293
frozenset({'GREEN REGENCY TEACUP AND SAUCER'}),frozenset({'ROSES REGENCY TEACUP AND SAUCER'}),0.04528597545050927,0.04747975972838862,0.034264821102115435,0.7566320645905421,15.93588655289981,0.03211465386865955,3.9139101815899866,0.9817060660690313
"frozenset({'JUMBO STORAGE BAG SUKI', 'JUMBO SHOPPER VINTAGE RED PAISLEY'})",frozenset({'JUMBO BAG RED RETROSPOT'}),0.023609297466701488,0.09072864977800993,0.017236876469051973,0.7300884955752213,8.046945450654928,0.015094836787690757,3.3687758221339306,0.8969045291625937
frozenset({'ROSES REGENCY TEACUP AND SAUCER'}),frozenset({'GREEN REGENCY TEACUP AND SAUCER'}),0.04747975972838862,0.04528597545050927,0.034264821102115435,0.7216721672167217,15.935886552899813,0.03211465386865955,3.4301780565829527,0.9839670692920461
frozenset({'PINK REGENCY TEACUP AND SAUCER'}),"frozenset({'ROSES REGENCY TEACUP AND SAUCER', 'GREEN REGENCY TEACUP AND SAUCER'})",0.03295899712718726,0.034264821102115435,0.023609297466701488,0.716323296354992,20.905502299872442,0.02247996332643328,3.4043513848299725,0.9846177157491914
frozenset({'GARDENERS KNEELING PAD CUP OF TEA'}),frozenset({'GARDENERS KNEELING PAD KEEP CALM'}),0.024497257769652652,0.029250457038391225,0.017341342387046228,0.7078891257995735,24.20095948827292,0.016624786401096606,3.3232228879488646,0.9827541048752733
frozenset({'JUMBO BAG PEARS'}),frozenset({'JUMBO BAG APPLES'}),0.024445024810655525,0.041681901279707494,0.017132410551057718,0.7008547008547008,16.81436497225971,0.016113495440119974,3.203520501436406,0.9640943536918369
frozenset({'SET/6 RED SPOTTY PAPER PLATES'}),frozenset({'SET/20 RED RETROSPOT PAPER NAPKINS'}),0.02491512144162967,0.04497257769652651,0.01744580830504048,0.7002096436058699,15.569702237902879,0.016325311070188395,3.1856509121591374,0.9596833224487388
frozenset({'JUMBO BAG SCANDINAVIAN BLUE PAISLEY'}),frozenset({'JUMBO BAG RED RETROSPOT'}),0.027892400104465916,0.09072864977800993,0.01932619482893706,0.6928838951310862,7.636880928200716,0.016795555028390842,2.9606762257228216,0.893992073853446
"frozenset({'ROSES REGENCY TEACUP AND SAUCER', 'GREEN REGENCY TEACUP AND SAUCER'})",frozenset({'PINK REGENCY TEACUP AND SAUCER'}),0.034264821102115435,0.03295899712718726,0.023609297466701488,0.6890243902439024,20.905502299872442,0.02247996332643328,3.1097004798262993,0.9859490718470729
frozenset({'JUMBO BAG PINK POLKADOT'}),frozenset({'JUMBO BAG RED RETROSPOT'}),0.054687908069992165,0.09072864977800993,0.03729433272394881,0.6819484240687679,7.516351513411952,0.03233257266557449,2.8588801912385087,0.9171116451885207
frozenset({'CHARLOTTE BAG PINK POLKADOT'}),frozenset({'RED RETROSPOT CHARLOTTE BAG'}),0.031705406111256204,0.044136850352572476,0.021467746147819274,0.6771004942339374,15.340933682968911,0.020068369382919223,2.9602496522244306,0.9654240818950435
frozenset({'DOTCOM POSTAGE'}),frozenset({'JUMBO BAG RED RETROSPOT'}),0.03280229825019587,0.09072864977800993,0.022146774614781928,0.6751592356687899,7.441521915301659,0.01917066638492608,2.7991294506833815,0.8949761616301595
frozenset({'RED HANGING HEART T-LIGHT HOLDER'}),frozenset({'WHITE HANGING HEART T-LIGHT HOLDER'}),0.02914599112039697,0.09788456516061635,0.019482893705928442,0.6684587813620072,6.829051957937902,0.0166299510389332,2.7209752034614927,0.8791917035040346
frozenset({'STRAWBERRY CHARLOTTE BAG'}),frozenset({'RED RETROSPOT CHARLOTTE BAG'}),0.03160094019326195,0.044136850352572476,0.020945416557848002,0.6628099173553719,15.017154873098928,0.019550650589537408,2.8347902232190862,0.963868645538258
frozenset({'SET/6 RED SPOTTY PAPER PLATES'}),frozenset({'SET/6 RED SPOTTY PAPER CUPS'}),0.02491512144162967,0.020161922172891093,0.01650561504309219,0.6624737945492662,32.85767045763136,0.016003278303657924,2.9029985287175832,0.9943398030339605
frozenset({'JUMBO BAG TOYS'}),frozenset({'JUMBO BAG RED RETROSPOT'}),0.024497257769652652,0.09072864977800993,0.0161399843301123,0.6588486140724946,7.2617482535508975,0.013917381209407853,2.6653016453382077,0.8839463763263999
"frozenset({'LUNCH BAG  BLACK SKULL.', 'LUNCH BAG PINK POLKADOT'})",frozenset({'LUNCH BAG RED RETROSPOT'}),0.024288325933664142,0.0691564377121964,0.01598328545312092,0.6580645161290323,9.5155930221226,0.014303591353555951,2.7222783425398034,0.9171862535163958
frozenset({'JUMBO BAG STRAWBERRY'}),frozenset({'JUMBO BAG RED RETROSPOT'}),0.037816662313920085,0.09072864977800993,0.024497257769652652,0.6477900552486188,7.139862180618771,0.02106620305879973,2.5816174806302774,0.8937395197309459
frozenset({'JUMBO BAG SPACEBOY DESIGN'}),frozenset({'JUMBO BAG RED RETROSPOT'}),0.02935492295638548,0.09072864977800993,0.018856098197962915,0.6423487544483986,7.0798888335720145,0.016192765673792554,2.5423407901729274,0.8847259051738082
frozenset({'JUMBO  BAG BAROQUE BLACK WHITE'}),frozenset({'JUMBO BAG RED RETROSPOT'}),0.040532776181770695,0.09072864977800993,0.025959780621572212,0.6404639175257733,7.059114393224484,0.022282296566845876,2.5290127877142092,0.8945997833590907
frozenset({'JUMBO BAG WOODLAND ANIMALS'}),frozenset({'JUMBO BAG RED RETROSPOT'}),0.03771219639592583,0.09072864977800993,0.023818229302689998,0.631578947368421,6.961185346786655,0.020396652643524516,2.4680222363168296,0.8899066384410791
frozenset({'ALARM CLOCK BAKELIKE GREEN'}),frozenset({'ALARM CLOCK BAKELIKE RED'}),0.036824236092974666,0.040898406894750584,0.022930268999738834,0.6226950354609929,15.225410541380217,0.021424216408419995,2.5419797862375972,0.9700413580460423
frozenset({'DOLLY GIRL LUNCH BOX'}),frozenset({'SPACEBOY LUNCH BOX'}),0.03624967354400627,0.038547923739879864,0.022564638286758944,0.622478386167147,16.148168974485134,0.02116728863538905,2.546747102765357,0.9733573609379799
frozenset({'JUMBO STORAGE BAG SUKI'}),frozenset({'JUMBO BAG RED RETROSPOT'}),0.05238965787411857,0.09072864977800993,0.031914337947244714,0.609172482552343,6.714224052080948,0.02716109502599405,2.326528480287388,0.8981143663706987
frozenset({'GREEN REGENCY TEACUP AND SAUCER'}),frozenset({'PINK REGENCY TEACUP AND SAUCER'}),0.04528597545050927,0.03295899712718726,0.027422303473491772,0.6055363321799309,18.372413755284907,0.025929723138716564,2.451533770440727,0.990422834633361
frozenset({'JUMBO STORAGE BAG SKULLS'}),frozenset({'JUMBO BAG RED RETROSPOT'}),0.029563854792373986,0.09072864977800993,0.017759206059023244,0.6007067137809188,6.6209153916728205,0.015076917431478005,2.27720170011348,0.8748267335353326
frozenset({'ALARM CLOCK BAKELIKE PINK'}),frozenset({'ALARM CLOCK BAKELIKE RED'}),0.030974144685296422,0.040898406894750584,0.018594933402977278,0.6003372681281618,14.678744570004673,0.01732814023042115,2.3997774038456234,0.9616609069678428
frozenset({'JUMBO BAG PINK VINTAGE PAISLEY'}),frozenset({'JUMBO BAG RED RETROSPOT'}),0.03865238965787412,0.09072864977800993,0.023139200835727344,0.5986486486486486,6.598231651340459,0.01963232171137491,2.265524576310682,0.8825571861606457
frozenset({'WOODLAND CHARLOTTE BAG'}),frozenset({'RED RETROSPOT CHARLOTTE BAG'}),0.035727343954035,0.044136850352572476,0.021258814311830767,0.5950292397660819,13.481461296238624,0.019681921878236638,2.3603263334254168,0.9601268468610431
frozenset({'JUMBO BAG OWLS'}),frozenset({'JUMBO BAG RED RETROSPOT'}),0.029041525202402715,0.09072864977800993,0.017236876469051973,0.5935251798561152,6.54176140952523,0.014601978099943928,2.2369684545284363,0.8724739459797827
frozenset({'GARDENERS KNEELING PAD KEEP CALM'}),frozenset({'GARDENERS KNEELING PAD CUP OF TEA'}),0.029250457038391225,0.024497257769652652,0.017341342387046228,0.5928571428571429,24.20095948827292,0.016624786401096606,2.3959716475833095,0.9875660835432123
"frozenset({'LUNCH BAG PINK POLKADOT', 'LUNCH BAG RED RETROSPOT'})",frozenset({'LUNCH BAG  BLACK SKULL.'}),0.027056672760511883,0.054270044398015145,0.01598328545312092,0.5907335907335908,10.885076606924539,0.014514918621145373,2.3107930047256047,0.9333854047694489
"frozenset({'LUNCH BAG  BLACK SKULL.', 'LUNCH BAG RED RETROSPOT'})",frozenset({'LUNCH BAG PINK POLKADOT'}),0.027265604596500393,0.04831548707234265,0.01598328545312092,0.5862068965517241,12.132898415657035,0.014665934486719098,2.2999042395751714,0.9432990830440536
frozenset({'JUMBO SHOPPER VINTAGE RED PAISLEY'}),frozenset({'JUMBO BAG RED RETROSPOT'}),0.050979367981196136,0.09072864977800993,0.02987725254635675,0.5860655737704918,6.4595425502798305,0.025251963322886515,2.196655539150154,0.8905920981984607
frozenset({'SPACEBOY LUNCH BOX'}),frozenset({'DOLLY GIRL LUNCH BOX'}),0.038547923739879864,0.03624967354400627,0.022564638286758944,0.5853658536585366,16.148168974485134,0.02116728863538905,2.324339022629161,0.9756840694663262
"frozenset({'JUMBO STORAGE BAG SUKI', 'JUMBO BAG RED RETROSPOT'})",frozenset({'JUMBO BAG PINK POLKADOT'}),0.031914337947244714,0.054687908069992165,0.018594933402977278,0.5826513911620294,10.65411736752345,0.016849605023203696,2.2650419143891556,0.9360117694416455
"frozenset({'JUMBO BAG RED RETROSPOT', 'JUMBO SHOPPER VINTAGE RED PAISLEY'})",frozenset({'JUMBO STORAGE BAG SUKI'}),0.02987725254635675,0.05238965787411857,0.017236876469051973,0.576923076923077,11.012155840171793,0.015671617429929705,2.239806263206629,0.9371919811913351
"frozenset({'JUMBO BAG RED RETROSPOT', 'JUMBO SHOPPER VINTAGE RED PAISLEY'})",frozenset({'JUMBO BAG PINK POLKADOT'}),0.02987725254635675,0.054687908069992165,0.017027944633063462,0.5699300699300699,10.421500657890341,0.015394020192424366,2.198042750341319,0.9318867450243592
frozenset({'CHARLOTTE BAG SUKI DESIGN'}),frozenset({'RED RETROSPOT CHARLOTTE BAG'}),0.037764429354922954,0.044136850352572476,0.02136328022982502,0.5656984785615491,12.816919966935926,0.01969647726273649,2.2009205643155734,0.9581625987212589
frozenset({'HEART OF WICKER LARGE'}),frozenset({'HEART OF WICKER SMALL'}),0.03954034996082528,0.050352572473230606,0.02230347349177331,0.5640686922060766,11.202380821872756,0.020312515154753956,2.1784336443568617,0.9482264678267418
frozenset({'LUNCH BAG DOLLY GIRL DESIGN'}),frozenset({'LUNCH BAG SPACEBOY DESIGN'}),0.030033951423348134,0.048785583703316794,0.016923478715069207,0.5634782608695652,11.550097756261055,0.015458254863964106,2.179076850082043,0.9417037302964425
frozenset({'ALARM CLOCK BAKELIKE RED'}),frozenset({'ALARM CLOCK BAKELIKE GREEN'}),0.040898406894750584,0.036824236092974666,0.022930268999738834,0.5606641123882503,15.225410541380217,0.021424216408419995,2.192344834706979,0.9741619999111764
frozenset({'DOTCOM POSTAGE'}),frozenset({'JUMBO STORAGE BAG SUKI'}),0.03280229825019587,0.05238965787411857,0.01838600156698877,0.5605095541401275,10.69885883750024,0.01666750038417621,2.156156865416861,0.9372769248896591
frozenset({'LUNCH BAG PINK POLKADOT'}),frozenset({'LUNCH BAG RED RETROSPOT'}),0.04831548707234265,0.0691564377121964,0.027056672760511883,0.5599999999999999,8.097583081570995,0.023715345788258988,2.115553550654099,0.9210051748471068
frozenset({'PACK OF 72 SKULL CAKE CASES'}),frozenset({'PACK OF 72 RETROSPOT CAKE CASES'}),0.02914599112039697,0.05797858448681118,0.016244450248106557,0.5573476702508962,9.612992024282349,0.014554606939480772,2.12812935164518,0.922872138446174
frozenset({'JUMBO BAG APPLES'}),frozenset({'JUMBO BAG RED RETROSPOT'}),0.041681901279707494,0.09072864977800993,0.02319143379472447,0.556390977443609,6.1324728055025295,0.019409691171436306,2.049713382703808,0.8733359456365942
frozenset({'RECYCLING BAG RETROSPOT'}),frozenset({'JUMBO BAG RED RETROSPOT'}),0.03295899712718726,0.09072864977800993,0.018281535648994516,0.554675118858954,6.113560823577821,0.015291210341607507,2.0418157366194865,0.8649366502569484
frozenset({'WOODEN FRAME ANTIQUE WHITE'}),frozenset({'WOODEN PICTURE FRAME WHITE FINISH'}),0.0393836510838339,0.04774092452337425,0.021833376860799163,0.5543766578249337,11.612189402689667,0.019953164946950944,2.1369147110398092,0.9513512824428634
frozenset({'STRAWBERRY CHARLOTTE BAG'}),frozenset({'CHARLOTTE BAG SUKI DESIGN'}),0.03160094019326195,0.037764429354922954,0.01744580830504048,0.5520661157024793,14.618680200724713,0.016252416831562894,2.1481642813294153,0.9619942961972496
frozenset({'60 TEATIME FAIRY CAKE CASES'}),frozenset({'PACK OF 72 RETROSPOT CAKE CASES'}),0.0363019065030034,0.05797858448681118,0.020005223295899714,0.5510791366906475,9.504873938686888,0.01790049014268301,2.098413089043802,0.9284970317066095
frozenset({'ROSES REGENCY TEACUP AND SAUCER'}),frozenset({'PINK REGENCY TEACUP AND SAUCER'}),0.04747975972838862,0.03295899712718726,0.025855314703577957,0.5445544554455445,16.522179159278842,0.024290429439090454,2.1232856802207407,0.9863048116612493
frozenset({'JUMBO BAG WOODLAND ANIMALS'}),frozenset({'JUMBO STORAGE BAG SUKI'}),0.03771219639592583,0.05238965787411857,0.020475319926873858,0.5429362880886427,10.363424960575339,0.018499590860009737,2.0732565667117773,0.9389153642241787
frozenset({'STRAWBERRY CHARLOTTE BAG'}),frozenset({'WOODLAND CHARLOTTE BAG'}),0.03160094019326195,0.035727343954035,0.01708017759206059,0.540495867768595,15.12835290706104,0.01595115993250503,2.0985070392367224,0.9643740783626772
"frozenset({'JUMBO STORAGE BAG SUKI', 'JUMBO BAG RED RETROSPOT'})",frozenset({'JUMBO SHOPPER VINTAGE RED PAISLEY'}),0.031914337947244714,0.050979367981196136,0.017236876469051973,0.5400981996726677,10.594446754849614,0.015609903690963132,2.0635288475569005,0.9354656961325787
frozenset({'JUMBO STORAGE BAG SKULLS'}),frozenset({'JUMBO STORAGE BAG SUKI'}),0.029563854792373986,0.05238965787411857,0.015878819535126664,0.5371024734982333,10.252070643194093,0.01432997929711407,2.0471276856612555,0.9299516856892757
frozenset({'WOODLAND CHARLOTTE BAG'}),frozenset({'CHARLOTTE BAG SUKI DESIGN'}),0.035727343954035,0.037764429354922954,0.01896056411595717,0.5307017543859649,14.052953095047439,0.01761134135916598,2.050371122496052,0.9632551266216338
frozenset({'CHARLOTTE BAG PINK POLKADOT'}),frozenset({'CHARLOTTE BAG SUKI DESIGN'}),0.031705406111256204,0.037764429354922954,0.016819012797074956,0.5304777594728172,14.047021722139814,0.015621676227817278,2.049392952216006,0.9592230898560553
frozenset({'LUNCH BAG DOLLY GIRL DESIGN'}),frozenset({'LUNCH BAG RED RETROSPOT'}),0.030033951423348134,0.0691564377121964,0.01593105249412379,0.5304347826086956,7.670070931301719,0.013854011403263884,1.9823520307981,0.8965500498777332
"frozenset({'ROSES REGENCY TEACUP AND SAUCER', 'GREEN REGENCY TEACUP AND SAUCER'})",frozenset({'REGENCY CAKESTAND 3 TIER'}),0.034264821102115435,0.08769913815617655,0.018072603813006006,0.5274390243902439,6.014187088714246,0.01506760853327491,1.9305463399017684,0.8633075689122449
frozenset({'GREEN REGENCY TEACUP AND SAUCER'}),"frozenset({'PINK REGENCY TEACUP AND SAUCER', 'ROSES REGENCY TEACUP AND SAUCER'})",0.04528597545050927,0.025855314703577957,0.023609297466701488,0.5213379469434833,20.16366665501614,0.022438414319770065,2.035140824462646,0.9954874664353005
frozenset({'LUNCH BAG WOODLAND'}),frozenset({'LUNCH BAG RED RETROSPOT'}),0.044763645860538,0.0691564377121964,0.02319143379472447,0.5180863477246208,7.491512935942496,0.020095739507999356,1.931556738209801,0.9071216886177516
frozenset({'JUMBO BAG WOODLAND ANIMALS'}),frozenset({'JUMBO BAG PINK POLKADOT'}),0.03771219639592583,0.054687908069992165,0.019430660746931314,0.5152354570637119,9.421378056814483,0.017368259617313433,1.9500438010670447,0.9288888538695496
frozenset({'LUNCH BAG ALPHABET DESIGN'}),frozenset({'LUNCH BAG APPLE DESIGN'}),0.031078610603290677,0.044084617393575345,0.01593105249412379,0.5126050420168067,11.627752996933369,0.014560963836553809,1.9612746643131813,0.9433158057531704
frozenset({'LUNCH BAG SUKI DESIGN'}),frozenset({'LUNCH BAG RED RETROSPOT'}),0.04606946983546618,0.0691564377121964,0.023609297466701488,0.5124716553287982,7.410324653527071,0.02042329704559116,1.909311678925216,0.9068303388203529
frozenset({'ALARM CLOCK BAKELIKE PINK'}),frozenset({'ALARM CLOCK BAKELIKE GREEN'}),0.030974144685296422,0.036824236092974666,0.015722120658135285,0.5075885328836426,13.78408859866289,0.014581521441465973,1.9560384520440621,0.9570978726940098
frozenset({'PINK REGENCY TEACUP AND SAUCER'}),frozenset({'REGENCY CAKESTAND 3 TIER'}),0.03295899712718726,0.08769913815617655,0.0167145468790807,0.5071315372424723,5.782628517276433,0.01382407123653448,1.85100271325869,0.8552566638759859
frozenset({'CHARLOTTE BAG PINK POLKADOT'}),frozenset({'WOODLAND CHARLOTTE BAG'}),0.031705406111256204,0.035727343954035,0.01598328545312092,0.5041186161449752,14.110162143414547,0.014850535503781705,1.9445631302986734,0.9595520806229494
frozenset({'LUNCH BAG PINK POLKADOT'}),frozenset({'LUNCH BAG  BLACK SKULL.'}),0.04831548707234265,0.054270044398015145,0.024288325933664142,0.5027027027027027,9.262986759618135,0.02166624230513638,1.9017395846344258,0.9373310671246298
frozenset({'LUNCH BAG  BLACK SKULL.'}),frozenset({'LUNCH BAG RED RETROSPOT'}),0.054270044398015145,0.0691564377121964,0.027265604596500393,0.5024061597690087,7.264777891826036,0.023512481651450926,1.8706894801103058,0.9118348609487003
frozenset({'CHARLOTTE BAG SUKI DESIGN'}),frozenset({'WOODLAND CHARLOTTE BAG'}),0.037764429354922954,0.035727343954035,0.01896056411595717,0.5020746887966806,14.05295309504744,0.01761134135916598,1.93658091755898,0.9652943704571698
frozenset({'GREEN REGENCY TEACUP AND SAUCER'}),frozenset({'REGENCY CAKESTAND 3 TIER'}),0.04528597545050927,0.08769913815617655,0.022721337163750327,0.5017301038062284,5.721038021066255,0.018749796146178895,1.8309371463393402,0.8643494534601612
"frozenset({'JUMBO BAG RED RETROSPOT', 'JUMBO BAG PINK POLKADOT'})",frozenset({'JUMBO STORAGE BAG SUKI'}),0.03729433272394881,0.05238965787411857,0.018594933402977278,0.49859943977591037,9.517134869900104,0.016641096070926054,1.88992677172592,0.9295949850002346
frozenset({'STRAWBERRY CHARLOTTE BAG'}),frozenset({'CHARLOTTE BAG PINK POLKADOT'}),0.03160094019326195,0.031705406111256204,0.015722120658135285,0.4975206611570248,15.691981973395782,0.014720200015810396,1.927033649022007,0.9668257910524788
frozenset({'ROSES REGENCY TEACUP AND SAUCER'}),"frozenset({'PINK REGENCY TEACUP AND SAUCER', 'GREEN REGENCY TEACUP AND SAUCER'})",0.04747975972838862,0.027422303473491772,0.023609297466701488,0.4972497249724972,18.13303997066373,0.02230729308658114,1.9345144992179342,0.9919495765450814
frozenset({'LUNCH BAG SPACEBOY DESIGN'}),frozenset({'LUNCH BAG RED RETROSPOT'}),0.048785583703316794,0.0691564377121964,0.024236092974667015,0.49678800856531047,7.183539595153224,0.020862255794035445,1.8498040152698054,0.9049409318733089
frozenset({'CHARLOTTE BAG PINK POLKADOT'}),frozenset({'STRAWBERRY CHARLOTTE BAG'}),0.031705406111256204,0.03160094019326195,0.015722120658135285,0.4958813838550247,15.691981973395782,0.014720200015810396,1.9209746055643462,0.9669300985064708
frozenset({'DOTCOM POSTAGE'}),frozenset({'JUMBO SHOPPER VINTAGE RED PAISLEY'}),0.03280229825019587,0.050979367981196136,0.016244450248106557,0.4952229299363058,9.714183395113293,0.014572209814980875,1.880078728415801,0.9274812560353423
frozenset({'PACK OF 60 PINK PAISLEY CAKE CASES'}),frozenset({'PACK OF 72 RETROSPOT CAKE CASES'}),0.038025594149908595,0.05797858448681118,0.01875163227996866,0.4931318681318681,8.505414067914067,0.01654696215688699,1.858513795375614,0.9173090503309056
frozenset({'ROSES REGENCY TEACUP AND SAUCER'}),frozenset({'REGENCY CAKESTAND 3 TIER'}),0.04747975972838862,0.08769913815617655,0.02319143379472447,0.4884488448844884,5.56959686439162,0.01902749978668245,1.7834010396043771,0.861350506571498
frozenset({'LUNCH BAG CARS BLUE'}),frozenset({'LUNCH BAG RED RETROSPOT'}),0.05045703839122486,0.0691564377121964,0.024601723687646904,0.48757763975155277,7.050357940365164,0.021112294655002257,1.8165553154949865,0.903764510250681
frozenset({'DOTCOM POSTAGE'}),frozenset({'JUMBO BAG WOODLAND ANIMALS'}),0.03280229825019587,0.03771219639592583,0.01598328545312092,0.4872611464968153,12.920518905376078,0.014746238739271798,1.876760064171921,0.9538936310424514
frozenset({'RED RETROSPOT CHARLOTTE BAG'}),frozenset({'CHARLOTTE BAG PINK POLKADOT'}),0.044136850352572476,0.031705406111256204,0.021467746147819274,0.48639053254437864,15.34093368296891,0.020068369382919223,1.8852740364884528,0.9779798705011103
frozenset({'SET OF 6 SPICE TINS PANTRY DESIGN'}),frozenset({'SET OF 3 CAKE TINS PANTRY DESIGN'}),0.0351527814050666,0.059388874379733614,0.01708017759206059,0.4858841010401188,8.181399397021174,0.014992493473096854,1.829570195209362,0.9097518287037957
frozenset({'JUMBO BAG VINTAGE LEAF'}),frozenset({'JUMBO BAG RED RETROSPOT'}),0.03478715069208671,0.09072864977800993,0.01687124575607208,0.4849849849849849,5.3454447539076195,0.013715054544154889,1.765523962821706,0.8422233789941791
frozenset({'RED RETROSPOT CHARLOTTE BAG'}),frozenset({'CHARLOTTE BAG SUKI DESIGN'}),0.044136850352572476,0.037764429354922954,0.02136328022982502,0.4840236686390532,12.816919966935926,0.01969647726273649,1.8648831587043349,0.9645503493794008
frozenset({'JUMBO BAG PINK VINTAGE PAISLEY'}),frozenset({'JUMBO SHOPPER VINTAGE RED PAISLEY'}),0.03865238965787412,0.050979367981196136,0.018699399320971533,0.4837837837837838,9.489795635799734,0.016728924925250188,1.8384169311359024,0.9305933079273151
frozenset({'DOTCOM POSTAGE'}),frozenset({'JUMBO BAG PINK POLKADOT'}),0.03280229825019587,0.054687908069992165,0.015826586576129537,0.482484076433121,8.822500136878798,0.01403269750493836,1.8266338268678308,0.916724102069439
frozenset({'RED RETROSPOT CHARLOTTE BAG'}),frozenset({'WOODLAND CHARLOTTE BAG'}),0.044136850352572476,0.035727343954035,0.021258814311830767,0.4816568047337278,13.481461296238622,0.019681921878236638,1.8602977040156172,0.9685738644755039
frozenset({'WOODLAND CHARLOTTE BAG'}),frozenset({'STRAWBERRY CHARLOTTE BAG'}),0.035727343954035,0.03160094019326195,0.01708017759206059,0.4780701754385965,15.128352907061041,0.01595115993250503,1.8554200473608091,0.9685009161391059
frozenset({'RED RETROSPOT CHARLOTTE BAG'}),frozenset({'STRAWBERRY CHARLOTTE BAG'}),0.044136850352572476,0.03160094019326195,0.020945416557848002,0.4745562130177514,15.017154873098926,0.019550650589537408,1.843011724181742,0.9765095458076122
frozenset({'LUNCH BAG PINK POLKADOT'}),frozenset({'LUNCH BAG CARS BLUE'}),0.04831548707234265,0.05045703839122486,0.022721337163750327,0.47027027027027024,9.32021151586369,0.020283480777650405,1.7925045703839122,0.9380275559256596
frozenset({'JUMBO BAG WOODLAND ANIMALS'}),frozenset({'JUMBO SHOPPER VINTAGE RED PAISLEY'}),0.03771219639592583,0.050979367981196136,0.017550274223034734,0.4653739612188365,9.128672630670723,0.015627730285587692,1.7751111303564153,0.9253521090355481
frozenset({'LUNCH BAG SUKI DESIGN'}),frozenset({'LUNCH BAG  BLACK SKULL.'}),0.04606946983546618,0.054270044398015145,0.02136328022982502,0.463718820861678,8.544655269871825,0.01886308805646125,1.763496449980868,0.9256101458089874
frozenset({'JUMBO SHOPPER VINTAGE RED PAISLEY'}),frozenset({'JUMBO STORAGE BAG SUKI'}),0.050979367981196136,0.05238965787411857,0.023609297466701488,0.4631147540983606,8.839812529624242,0.020938505819527827,1.7650146830436266,0.934516488991996
frozenset({'CHARLOTTE BAG SUKI DESIGN'}),frozenset({'STRAWBERRY CHARLOTTE BAG'}),0.037764429354922954,0.03160094019326195,0.01744580830504048,0.4619640387275242,14.618680200724711,0.016252416831562894,1.7998779440623944,0.9681562399032139
frozenset({'LUNCH BAG WOODLAND'}),frozenset({'LUNCH BAG SPACEBOY DESIGN'}),0.044763645860538,0.048785583703316794,0.02063201880386524,0.4609101516919487,9.447671150045352,0.018448198211870333,1.7644821531737178,0.9360550461255636
frozenset({'JUMBO  BAG BAROQUE BLACK WHITE'}),frozenset({'JUMBO STORAGE BAG SUKI'}),0.040532776181770695,0.05238965787411857,0.018647166361974405,0.4600515463917526,8.781342827188539,0.016523668085123216,1.7550014928154751,0.9235565095437707
frozenset({'WOODEN PICTURE FRAME WHITE FINISH'}),frozenset({'WOODEN FRAME ANTIQUE WHITE'}),0.04774092452337425,0.0393836510838339,0.021833376860799163,0.4573304157549234,11.612189402689667,0.019953164946950944,1.7701680300592253,0.959700588854517
"frozenset({'JUMBO BAG RED RETROSPOT', 'JUMBO BAG PINK POLKADOT'})",frozenset({'JUMBO SHOPPER VINTAGE RED PAISLEY'}),0.03729433272394881,0.050979367981196136,0.017027944633063462,0.4565826330532213,8.95622388299582,0.015126703121516111,1.7463936372717161,0.9227595012803514
frozenset({'ALARM CLOCK BAKELIKE RED'}),frozenset({'ALARM CLOCK BAKELIKE PINK'}),0.040898406894750584,0.030974144685296422,0.018594933402977278,0.454661558109834,14.678744570004675,0.01732814023042115,1.7769256316426532,0.9716116515666822
frozenset({'LUNCH BAG CARS BLUE'}),frozenset({'LUNCH BAG  BLACK SKULL.'}),0.05045703839122486,0.054270044398015145,0.02287803604074171,0.453416149068323,8.35481441185086,0.02013973032705758,1.7302559414990861,0.9270865751314741
frozenset({'JUMBO STORAGE BAG SUKI'}),frozenset({'JUMBO SHOPPER VINTAGE RED PAISLEY'}),0.05238965787411857,0.050979367981196136,0.023609297466701488,0.4506480558325025,8.839812529624242,0.020938505819527827,1.7275275751630859,0.9359072918363783
frozenset({'LUNCH BAG CARS BLUE'}),frozenset({'LUNCH BAG PINK POLKADOT'}),0.05045703839122486,0.04831548707234265,0.022721337163750327,0.4503105590062112,9.32021151586369,0.020283480777650405,1.7313130687158513,0.9401431359791801
frozenset({'JUMBO  BAG BAROQUE BLACK WHITE'}),frozenset({'JUMBO BAG PINK POLKADOT'}),0.040532776181770695,0.054687908069992165,0.01822930268999739,0.4497422680412371,8.223797250859107,0.016012649952347146,1.7179442232732693,0.9155098263378518
frozenset({'LUNCH BAG SUKI DESIGN'}),frozenset({'LUNCH BAG CARS BLUE'}),0.04606946983546618,0.05045703839122486,0.020684251762862368,0.44897959183673475,8.898254954155577,0.018359722754710876,1.7232446340307404,0.9304853827659502
frozenset({'JUMBO BAG ALPHABET'}),frozenset({'JUMBO BAG RED RETROSPOT'}),0.03635413946200052,0.09072864977800993,0.01629668320710368,0.44827586206896547,4.940841323725011,0.012998321219874905,1.648054322277357,0.8276954765111304
frozenset({'LUNCH BAG APPLE DESIGN'}),frozenset({'LUNCH BAG RED RETROSPOT'}),0.044084617393575345,0.0691564377121964,0.019744058500914076,0.447867298578199,6.476147606706661,0.016695323404069273,1.685905507662889,0.8845837492905959
frozenset({'LUNCH BAG  BLACK SKULL.'}),frozenset({'LUNCH BAG PINK POLKADOT'}),0.054270044398015145,0.04831548707234265,0.024288325933664142,0.4475457170356112,9.262986759618137,0.02166624230513638,1.722648447616439,0.9432327429034991
frozenset({'WOODLAND CHARLOTTE BAG'}),frozenset({'CHARLOTTE BAG PINK POLKADOT'}),0.035727343954035,0.031705406111256204,0.01598328545312092,0.4473684210526315,14.110162143414547,0.014850535503781705,1.7521521222748697,0.9635543291581299
frozenset({'JUMBO BAG ALPHABET'}),frozenset({'JUMBO BAG APPLES'}),0.03635413946200052,0.041681901279707494,0.016244450248106557,0.44683908045977017,10.72021828997782,0.014729140595942733,1.7324399914527886,0.940924829882117
frozenset({'JUMBO STORAGE BAG SUKI'}),frozenset({'JUMBO BAG PINK POLKADOT'}),0.05238965787411857,0.054687908069992165,0.023348132671715854,0.4456630109670987,8.149205678094656,0.020483051878077717,1.7053022090032337,0.9257905013321456
frozenset({'CHARLOTTE BAG SUKI DESIGN'}),frozenset({'CHARLOTTE BAG PINK POLKADOT'}),0.037764429354922954,0.031705406111256204,0.016819012797074956,0.4453665283540803,14.047021722139814,0.015621676227817278,1.7458279086821993,0.9652631440533902
frozenset({'JUMBO  BAG BAROQUE BLACK WHITE'}),frozenset({'JUMBO SHOPPER VINTAGE RED PAISLEY'}),0.040532776181770695,0.050979367981196136,0.01796813789501175,0.44329896907216493,8.695654470170695,0.0159018025827418,1.7047222464041476,0.9223869334963987
frozenset({'HEART OF WICKER SMALL'}),frozenset({'HEART OF WICKER LARGE'}),0.050352572473230606,0.03954034996082528,0.02230347349177331,0.44294605809128634,11.202380821872756,0.020312515154753956,1.7241770998841048,0.9590225119849364
frozenset({'LUNCH BAG SPACEBOY DESIGN'}),frozenset({'LUNCH BAG  BLACK SKULL.'}),0.048785583703316794,0.054270044398015145,0.02157221206581353,0.4421841541755889,8.14784950114692,0.018924616272251442,1.695416081635804,0.9222612839564411
frozenset({'SPOTTY BUNTING'}),frozenset({'PARTY BUNTING'}),0.05050927135022199,0.08064768869156437,0.022251240532776183,0.44053774560496384,5.462496852077094,0.018177784540885727,1.6432785305642463,0.8603912690209544
frozenset({'LUNCH BAG WOODLAND'}),frozenset({'LUNCH BAG CARS BLUE'}),0.044763645860538,0.05045703839122486,0.019587359623922697,0.43757292882147025,8.672188118309574,0.017328718626206337,1.68829526576498,0.9261465441819773
frozenset({'JUMBO BAG PINK VINTAGE PAISLEY'}),frozenset({'JUMBO BAG PINK POLKADOT'}),0.03865238965787412,0.054687908069992165,0.01676677983807783,0.4337837837837838,7.931987144737861,0.014652961505782493,1.6695249356281763,0.9090657506214027
frozenset({'LUNCH BAG WOODLAND'}),frozenset({'LUNCH BAG  BLACK SKULL.'}),0.044763645860538,0.054270044398015145,0.019221728910942804,0.42940490081680277,7.9123742311238585,0.01679240386267438,1.6574449324149305,0.9145544773954887
frozenset({'ALARM CLOCK BAKELIKE GREEN'}),frozenset({'ALARM CLOCK BAKELIKE PINK'}),0.036824236092974666,0.030974144685296422,0.015722120658135285,0.42695035460992914,13.784088598662889,0.014581521441465973,1.6909980891011536,0.9629110484934528
frozenset({'JUMBO BAG PINK POLKADOT'}),frozenset({'JUMBO STORAGE BAG SUKI'}),0.054687908069992165,0.05238965787411857,0.023348132671715854,0.4269340974212035,8.149205678094656,0.020483051878077717,1.6535800470096633,0.9280412904833565
frozenset({'JUMBO BAG STRAWBERRY'}),frozenset({'JUMBO BAG PINK POLKADOT'}),0.037816662313920085,0.054687908069992165,0.016087751371115174,0.42541436464088395,7.778947479512629,0.014019637218977575,1.6452066215320327,0.9056983947597922
frozenset({'LUNCH BAG APPLE DESIGN'}),frozenset({'LUNCH BAG SUKI DESIGN'}),0.044084617393575345,0.04606946983546618,0.018699399320971533,0.42417061611374407,9.207195516437222,0.016668444369750145,1.6566200976519887,0.9324981172992043
frozenset({'JUMBO BAG WOODLAND ANIMALS'}),frozenset({'DOTCOM POSTAGE'}),0.03771219639592583,0.03280229825019587,0.01598328545312092,0.42382271468144045,12.92051890537608,0.014746238739271798,1.6786460112099963,0.9587606994524818
frozenset({'JUMBO BAG PINK VINTAGE PAISLEY'}),frozenset({'JUMBO STORAGE BAG SUKI'}),0.03865238965787412,0.05238965787411857,0.016348916166100808,0.4229729729729729,8.07359677723586,0.014323930695907663,1.64222869595586,0.9113659383779757
frozenset({'LUNCH BAG SPACEBOY DESIGN'}),frozenset({'LUNCH BAG WOODLAND'}),0.048785583703316794,0.044763645860538,0.02063201880386524,0.42291220556745185,9.44767115004535,0.018448198211870333,1.6552704170060437,0.9400128869114438
frozenset({'LUNCH BAG  BLACK SKULL.'}),frozenset({'LUNCH BAG CARS BLUE'}),0.054270044398015145,0.05045703839122486,0.02287803604074171,0.4215591915303177,8.354814411850862,0.02013973032705758,1.6415559685715764,0.9308244145208808
frozenset({'RED RETROSPOT CHARLOTTE BAG'}),frozenset({'JUMBO BAG RED RETROSPOT'}),0.044136850352572476,0.09072864977800993,0.018594933402977278,0.42130177514792894,4.643536260913701,0.014590456565034295,1.5712357687885101,0.8208778473629276
frozenset({'LUNCH BAG SPACEBOY DESIGN'}),frozenset({'LUNCH BAG CARS BLUE'}),0.048785583703316794,0.05045703839122486,0.020475319926873858,0.4197002141327623,8.317971635167428,0.01801374385701729,1.6362972807058969,0.9249001780713383
frozenset({'JUMBO SHOPPER VINTAGE RED PAISLEY'}),frozenset({'JUMBO BAG PINK POLKADOT'}),0.050979367981196136,0.054687908069992165,0.02120658135283364,0.4159836065573771,7.606500618472764,0.018418626363211683,1.6186396521468207,0.915189272476505
frozenset({'LUNCH BAG SUKI DESIGN'}),frozenset({'LUNCH BAG SPACEBOY DESIGN'}),0.04606946983546618,0.048785583703316794,0.019012797074954298,0.41269841269841273,8.459433737806329,0.016765271098128733,1.6196353574781366,0.9243742076244951
frozenset({'JAM MAKING SET WITH JARS'}),frozenset({'JAM MAKING SET PRINTED'}),0.04951684512927657,0.051553930530164535,0.020370854008879603,0.41139240506329117,7.979845587575187,0.01781806601501196,1.6113384836154192,0.9202522816525123
frozenset({'JUMBO BAG RED RETROSPOT'}),frozenset({'JUMBO BAG PINK POLKADOT'}),0.09072864977800993,0.054687908069992165,0.03729433272394881,0.4110535405872193,7.516351513411952,0.03233257266557449,1.6050900329251452,0.9534631522645824
frozenset({'JUMBO BAG APPLES'}),frozenset({'JUMBO BAG PEARS'}),0.041681901279707494,0.024445024810655525,0.017132410551057718,0.4110275689223058,16.81436497225971,0.016113495440119974,1.6563678089385039,0.9814351253012721
frozenset({'LUNCH BAG CARS BLUE'}),frozenset({'LUNCH BAG SUKI DESIGN'}),0.05045703839122486,0.04606946983546618,0.020684251762862368,0.4099378881987578,8.898254954155577,0.018359722754710876,1.6166612142788417,0.9347848916582071
frozenset({'LUNCH BAG SUKI DESIGN'}),frozenset({'LUNCH BAG APPLE DESIGN'}),0.04606946983546618,0.044084617393575345,0.018699399320971533,0.40589569160997735,9.207195516437224,0.016668444369750145,1.6090026096543255,0.93443837511322
frozenset({'LUNCH BAG CARS BLUE'}),frozenset({'LUNCH BAG SPACEBOY DESIGN'}),0.05045703839122486,0.048785583703316794,0.020475319926873858,0.4057971014492754,8.317971635167428,0.01801374385701729,1.600824261572467,0.9265282547366271
frozenset({'GREEN REGENCY TEACUP AND SAUCER'}),"frozenset({'REGENCY CAKESTAND 3 TIER', 'ROSES REGENCY TEACUP AND SAUCER'})",0.04528597545050927,0.02319143379472447,0.018072603813006006,0.3990772779700115,17.20796055571142,0.017022357111516003,1.625514447024902,0.9865649155274954
frozenset({'LUNCH BAG WOODLAND'}),frozenset({'LUNCH BAG PINK POLKADOT'}),0.044763645860538,0.04831548707234265,0.0178636719770175,0.3990665110851809,8.259598221325176,0.01570089462413175,1.5836769467553444,0.9201165049909696
frozenset({'HEART OF WICKER LARGE'}),frozenset({'WHITE HANGING HEART T-LIGHT HOLDER'}),0.03954034996082528,0.09788456516061635,0.01577435361713241,0.39894319682959045,4.07564968159152,0.011903963654918432,1.500882163018491,0.7857074942339303
frozenset({'LUNCH BAG  BLACK SKULL.'}),frozenset({'LUNCH BAG SPACEBOY DESIGN'}),0.054270044398015145,0.048785583703316794,0.02157221206581353,0.39749759384023103,8.14784950114692,0.018924616272251442,1.578772809156955,0.9276096455390893
frozenset({'LUNCH BAG PINK POLKADOT'}),frozenset({'LUNCH BAG SPACEBOY DESIGN'}),0.04831548707234265,0.048785583703316794,0.01911726299294855,0.39567567567567563,8.110504080097227,0.016760163754214255,1.574013121778948,0.9212119030909407
frozenset({'JAM MAKING SET PRINTED'}),frozenset({'JAM MAKING SET WITH JARS'}),0.051553930530164535,0.04951684512927657,0.020370854008879603,0.3951367781155015,7.979845587575187,0.01781806601501196,1.5714017987561206,0.9222288120514797
frozenset({'LUNCH BAG RED RETROSPOT'}),frozenset({'LUNCH BAG  BLACK SKULL.'}),0.0691564377121964,0.054270044398015145,0.027265604596500393,0.3942598187311178,7.264777891826036,0.023512481651450926,1.5612798768292118,0.9264172601053344
frozenset({'LUNCH BAG  BLACK SKULL.'}),frozenset({'LUNCH BAG SUKI DESIGN'}),0.054270044398015145,0.04606946983546618,0.02136328022982502,0.39364773820981713,8.544655269871825,0.01886308805646125,1.5732282870491279,0.9336362583071653
frozenset({'LUNCH BAG SPACEBOY DESIGN'}),frozenset({'LUNCH BAG PINK POLKADOT'}),0.048785583703316794,0.04831548707234265,0.01911726299294855,0.3918629550321199,8.110504080097227,0.016760163754214255,1.5649178434409012,0.9216671722759286
frozenset({'LUNCH BAG RED RETROSPOT'}),frozenset({'LUNCH BAG PINK POLKADOT'}),0.0691564377121964,0.04831548707234265,0.027056672760511883,0.391238670694864,8.097583081570995,0.023715345788258988,1.563313021236003,0.941625850721861
frozenset({'JUMBO STORAGE BAG SUKI'}),frozenset({'JUMBO BAG WOODLAND ANIMALS'}),0.05238965787411857,0.03771219639592583,0.020475319926873858,0.39082751744765704,10.363424960575337,0.018499590860009737,1.579663939467899,0.9534581498788468
frozenset({'JUMBO BAG APPLES'}),frozenset({'JUMBO BAG ALPHABET'}),0.041681901279707494,0.03635413946200052,0.016244450248106557,0.3897243107769424,10.72021828997782,0.014729140595942733,1.579033668807646,0.9461558939606026
frozenset({'LUNCH BAG SPACEBOY DESIGN'}),frozenset({'LUNCH BAG SUKI DESIGN'}),0.048785583703316794,0.04606946983546618,0.019012797074954298,0.3897216274089936,8.459433737806329,0.016765271098128733,1.5631072196029379,0.9270136815027264
frozenset({'LUNCH BAG CARS BLUE'}),frozenset({'LUNCH BAG WOODLAND'}),0.05045703839122486,0.044763645860538,0.019587359623922697,0.3881987577639752,8.672188118309574,0.017328718626206337,1.5613507920452119,0.931699653446284
frozenset({'SET/20 RED RETROSPOT PAPER NAPKINS'}),frozenset({'SET/6 RED SPOTTY PAPER PLATES'}),0.04497257769652651,0.02491512144162967,0.01744580830504048,0.3879210220673635,15.56970223790288,0.016325311070188395,1.5930703613638648,0.9798385617738489
frozenset({'JUMBO BAG PINK POLKADOT'}),frozenset({'JUMBO SHOPPER VINTAGE RED PAISLEY'}),0.054687908069992165,0.050979367981196136,0.02120658135283364,0.38777459407831905,7.606500618472764,0.018418626363211683,1.5501163833442866,0.918779638171379
frozenset({'LUNCH BAG SUKI DESIGN'}),frozenset({'LUNCH BAG PINK POLKADOT'}),0.04606946983546618,0.04831548707234265,0.0178636719770175,0.38775510204081637,8.025482625482626,0.015637803102752354,1.5544180377818402,0.9176736398297392
frozenset({'JUMBO BAG APPLES'}),frozenset({'LUNCH BAG APPLE DESIGN'}),0.041681901279707494,0.044084617393575345,0.016035518412118047,0.38471177944862156,8.726667082397938,0.014197987741965363,1.553605856048731,0.9239194329935985
frozenset({'ROSES REGENCY TEACUP AND SAUCER'}),"frozenset({'REGENCY CAKESTAND 3 TIER', 'GREEN REGENCY TEACUP AND SAUCER'})",0.04747975972838862,0.022721337163750327,0.018072603813006006,0.3806380638063806,16.75244995763944,0.016993800183763435,1.5778797593572842,0.987178223345298
frozenset({'LUNCH BAG RED RETROSPOT'}),frozenset({'JUMBO BAG RED RETROSPOT'}),0.0691564377121964,0.09072864977800993,0.026116479498563595,0.377643504531722,4.162340180921023,0.01984200928147897,1.4610136743858189,0.8161957241456708
frozenset({'JUMBO BAG APPLES'}),frozenset({'JUMBO STORAGE BAG SUKI'}),0.041681901279707494,0.05238965787411857,0.015722120658135285,0.3771929824561404,7.199760368018752,0.013538420110548625,1.5215151972162042,0.8985601853671027
frozenset({'JUMBO BAG APPLES'}),frozenset({'JUMBO BAG PINK POLKADOT'}),0.041681901279707494,0.054687908069992165,0.015722120658135285,0.3771929824561404,6.897191641951106,0.013442624672768152,1.517825049014379,0.8922021343074908
frozenset({'LUNCH BAG WOODLAND'}),frozenset({'LUNCH BAG SUKI DESIGN'}),0.044763645860538,0.04606946983546618,0.016819012797074956,0.3757292882147025,8.15571113704136,0.01475677536437741,1.528071895983188,0.918502035071703
frozenset({'LUNCH BAG APPLE DESIGN'}),frozenset({'LUNCH BAG  BLACK SKULL.'}),0.044084617393575345,0.054270044398015145,0.01655784800208932,0.3755924170616114,6.920805413517373,0.014165373858870473,1.5146035721595354,0.8949622135419674
frozenset({'RED RETROSPOT CHARLOTTE BAG'}),frozenset({'LUNCH BAG RED RETROSPOT'}),0.044136850352572476,0.0691564377121964,0.016348916166100808,0.3704142011834319,5.356178158351059,0.013296568823880596,1.4785015228067557,0.8508537160215786
frozenset({'LUNCH BAG PINK POLKADOT'}),frozenset({'LUNCH BAG WOODLAND'}),0.04831548707234265,0.044763645860538,0.0178636719770175,0.36972972972972973,8.259598221325176,0.01570089462413175,1.5155979889862818,0.9235505292686528
frozenset({'LUNCH BAG PINK POLKADOT'}),frozenset({'LUNCH BAG SUKI DESIGN'}),0.04831548707234265,0.04606946983546618,0.0178636719770175,0.36972972972972973,8.025482625482626,0.015637803102752354,1.5135261413416703,0.9198393899127623
frozenset({'WOODEN PICTURE FRAME WHITE FINISH'}),frozenset({'WHITE HANGING HEART T-LIGHT HOLDER'}),0.04774092452337425,0.09788456516061635,0.01760250718203186,0.3687089715536105,3.7667733513307753,0.012929407544695567,1.4290008794509472,0.7713455429472771
frozenset({'JUMBO SHOPPER VINTAGE RED PAISLEY'}),frozenset({'JUMBO BAG PINK VINTAGE PAISLEY'}),0.050979367981196136,0.03865238965787412,0.018699399320971533,0.3668032786885246,9.489795635799734,0.016728924925250188,1.5182447697312538,0.942680930838364
frozenset({'LUNCH BAG SUKI DESIGN'}),frozenset({'LUNCH BAG WOODLAND'}),0.04606946983546618,0.044763645860538,0.016819012797074956,0.3650793650793651,8.15571113704136,0.01475677536437741,1.5044972577696527,0.9197593614078358
frozenset({'LUNCH BAG APPLE DESIGN'}),frozenset({'LUNCH BAG SPACEBOY DESIGN'}),0.044084617393575345,0.048785583703316794,0.016087751371115174,0.36492890995260663,7.480261221673077,0.013937057579232208,1.4978077749149266,0.9062672751542212
frozenset({'LUNCH BAG APPLE DESIGN'}),frozenset({'JUMBO BAG APPLES'}),0.044084617393575345,0.041681901279707494,0.016035518412118047,0.3637440758293839,8.726667082397938,0.014197987741965363,1.5061833804840352,0.9262417265249742
frozenset({'LUNCH BAG APPLE DESIGN'}),frozenset({'LUNCH BAG ALPHABET DESIGN'}),0.044084617393575345,0.031078610603290677,0.01593105249412379,0.3613744075829384,11.627752996933369,0.014560963836553809,1.5171978713373333,0.9561503850456976
frozenset({'LUNCH BAG APPLE DESIGN'}),frozenset({'LUNCH BAG CARS BLUE'}),0.044084617393575345,0.05045703839122486,0.015722120658135285,0.35663507109004744,7.068093619067245,0.013497741425845195,1.4759010305668625,0.8981120614834874
frozenset({'JUMBO STORAGE BAG SUKI'}),frozenset({'JUMBO  BAG BAROQUE BLACK WHITE'}),0.05238965787411857,0.040532776181770695,0.018647166361974405,0.3559322033898305,8.781342827188539,0.016523668085123216,1.4896991106651454,0.9351124200093441
frozenset({'LUNCH BAG RED RETROSPOT'}),frozenset({'LUNCH BAG CARS BLUE'}),0.0691564377121964,0.05045703839122486,0.024601723687646904,0.3557401812688821,7.050357940365164,0.021112294655002257,1.473850974407993,0.9219199277171388
frozenset({'JUMBO BAG PINK POLKADOT'}),frozenset({'JUMBO BAG WOODLAND ANIMALS'}),0.054687908069992165,0.03771219639592583,0.019430660746931314,0.3553008595988539,9.421378056814484,0.017368259617313433,1.492615304256986,0.9455696405591064
frozenset({'JUMBO STORAGE BAG SUKI'}),"frozenset({'JUMBO BAG RED RETROSPOT', 'JUMBO BAG PINK POLKADOT'})",0.05238965787411857,0.03729433272394881,0.018594933402977278,0.35493519441674976,9.517134869900104,0.016641096070926054,1.4924169772455633,0.9444033275570126
frozenset({'LUNCH BAG  BLACK SKULL.'}),frozenset({'LUNCH BAG WOODLAND'}),0.054270044398015145,0.044763645860538,0.019221728910942804,0.35418671799807505,7.9123742311238585,0.01679240386267438,1.4791215677360672,0.923747502629443
frozenset({'JUMBO SHOPPER VINTAGE RED PAISLEY'}),frozenset({'JUMBO  BAG BAROQUE BLACK WHITE'}),0.050979367981196136,0.040532776181770695,0.01796813789501175,0.35245901639344257,8.695654470170695,0.0159018025827418,1.481708877288911,0.9325403479220291
frozenset({'JUMBO BAG RED RETROSPOT'}),frozenset({'JUMBO STORAGE BAG SUKI'}),0.09072864977800993,0.05238965787411857,0.031914337947244714,0.3517559009786989,6.714224052080948,0.02716109502599405,1.4618109807039574,0.9359829293828825
frozenset({'JUMBO STORAGE BAG SUKI'}),frozenset({'DOTCOM POSTAGE'}),0.05238965787411857,0.03280229825019587,0.01838600156698877,0.35094715852442676,10.69885883750024,0.01666750038417621,1.4901678876421716,0.9566506900111243
frozenset({'LUNCH BAG RED RETROSPOT'}),frozenset({'LUNCH BAG SPACEBOY DESIGN'}),0.0691564377121964,0.048785583703316794,0.024236092974667015,0.35045317220543803,7.183539595153224,0.020862255794035445,1.4644277757869868,0.9247449251077284
frozenset({'LUNCH BAG SPACEBOY DESIGN'}),frozenset({'LUNCH BAG DOLLY GIRL DESIGN'}),0.048785583703316794,0.030033951423348134,0.016923478715069207,0.34689507494646676,11.550097756261053,0.015458254863964106,1.485161130115726,0.9602678749988984
frozenset({'PACK OF 72 RETROSPOT CAKE CASES'}),frozenset({'60 TEATIME FAIRY CAKE CASES'}),0.05797858448681118,0.0363019065030034,0.020005223295899714,0.345045045045045,9.504873938686886,0.01790049014268301,1.471395988695552,0.9498625026330437
frozenset({'JUMBO SHOPPER VINTAGE RED PAISLEY'}),frozenset({'JUMBO BAG WOODLAND ANIMALS'}),0.050979367981196136,0.03771219639592583,0.017550274223034734,0.3442622950819672,9.128672630670723,0.015627730285587692,1.467488900496213,0.938288398082553
frozenset({'HEART OF WICKER SMALL'}),frozenset({'WHITE HANGING HEART T-LIGHT HOLDER'}),0.050352572473230606,0.09788456516061635,0.0172891094280491,0.34336099585062246,3.507815509904038,0.012360369766788502,1.3738377238312258,0.7528291794278779
frozenset({'LUNCH BAG RED RETROSPOT'}),frozenset({'LUNCH BAG SUKI DESIGN'}),0.0691564377121964,0.04606946983546618,0.023609297466701488,0.3413897280966767,7.410324653527071,0.02042329704559116,1.4483991077268836,0.929321725934353
frozenset({'JUMBO BAG PINK POLKADOT'}),"frozenset({'JUMBO STORAGE BAG SUKI', 'JUMBO BAG RED RETROSPOT'})",0.054687908069992165,0.031914337947244714,0.018594933402977278,0.34001910219675263,10.654117367523451,0.016849605023203696,1.4668389119670548,0.9585612849393004
frozenset({'RECIPE BOX PANTRY YELLOW DESIGN'}),frozenset({'SET OF 3 CAKE TINS PANTRY DESIGN'}),0.047061896056411597,0.059388874379733614,0.01593105249412379,0.3385127635960044,5.699935671983733,0.013136099461157482,1.4219641345366776,0.8652811973215537
frozenset({'JUMBO SHOPPER VINTAGE RED PAISLEY'}),"frozenset({'JUMBO STORAGE BAG SUKI', 'JUMBO BAG RED RETROSPOT'})",0.050979367981196136,0.031914337947244714,0.017236876469051973,0.33811475409836067,10.594446754849615,0.015609903690963132,1.462618585392398,0.9542584188519573
frozenset({'LUNCH BAG RED RETROSPOT'}),frozenset({'LUNCH BAG WOODLAND'}),0.0691564377121964,0.044763645860538,0.02319143379472447,0.33534743202416917,7.491512935942495,0.020095739507999356,1.4371965146370995,0.9308928478447585
frozenset({'JUMBO SHOPPER VINTAGE RED PAISLEY'}),"frozenset({'JUMBO BAG RED RETROSPOT', 'JUMBO BAG PINK POLKADOT'})",0.050979367981196136,0.03729433272394881,0.017027944633063462,0.3340163934426229,8.95622388299582,0.015126703121516111,1.4455395865560399,0.9360658466672993
frozenset({'JUMBO BAG PINK POLKADOT'}),frozenset({'JUMBO  BAG BAROQUE BLACK WHITE'}),0.054687908069992165,0.040532776181770695,0.01822930268999739,0.3333333333333333,8.223797250859107,0.016012649952347146,1.4392008357273438,0.9292186981986961
frozenset({'LUNCH BAG PINK POLKADOT'}),"frozenset({'LUNCH BAG  BLACK SKULL.', 'LUNCH BAG RED RETROSPOT'})",0.04831548707234265,0.027265604596500393,0.01598328545312092,0.3308108108108108,12.132898415657037,0.014665934486719098,1.4536014793994136,0.9641634919609995
frozenset({'LUNCH BAG SPACEBOY DESIGN'}),frozenset({'LUNCH BAG APPLE DESIGN'}),0.048785583703316794,0.044084617393575345,0.016087751371115174,0.3297644539614561,7.480261221673077,0.013937057579232208,1.4262379670198093,0.9107461096368898
frozenset({'JUMBO BAG RED RETROSPOT'}),frozenset({'JUMBO SHOPPER VINTAGE RED PAISLEY'}),0.09072864977800993,0.050979367981196136,0.02987725254635675,0.3293033966609096,6.45954255027983,0.025251963322886515,1.414977543190268,0.9295248065353764
frozenset({'NATURAL SLATE HEART CHALKBOARD'}),frozenset({'WHITE HANGING HEART T-LIGHT HOLDER'}),0.05395664664403239,0.09788456516061635,0.017759206059023244,0.3291384317521781,3.3625161557606456,0.012477683164747105,1.3447117520765992,0.7426759639368116
frozenset({'JUMBO STORAGE BAG SUKI'}),"frozenset({'JUMBO BAG RED RETROSPOT', 'JUMBO SHOPPER VINTAGE RED PAISLEY'})",0.05238965787411857,0.02987725254635675,0.017236876469051973,0.32901296111665007,11.012155840171793,0.015671617429929705,1.4458144363982233,0.9594568772277955
frozenset({'PACK OF 72 RETROSPOT CAKE CASES'}),frozenset({'PACK OF 60 PINK PAISLEY CAKE CASES'}),0.05797858448681118,0.038025594149908595,0.01875163227996866,0.3234234234234234,8.505414067914067,0.01654696215688699,1.4218263521885506,0.9367386071496695
frozenset({'JAM MAKING SET WITH JARS'}),frozenset({'SET OF 3 CAKE TINS PANTRY DESIGN'}),0.04951684512927657,0.059388874379733614,0.015826586576129537,0.31962025316455694,5.381820357814813,0.012885836881066206,1.3824796078883914,0.856605674855555
frozenset({'JUMBO SHOPPER VINTAGE RED PAISLEY'}),frozenset({'DOTCOM POSTAGE'}),0.050979367981196136,0.03280229825019587,0.016244450248106557,0.3186475409836066,9.714183395113293,0.014572209814980875,1.4195262509891864,0.9452457712590914
frozenset({'JUMBO STORAGE BAG SUKI'}),frozenset({'JUMBO BAG PINK VINTAGE PAISLEY'}),0.05238965787411857,0.03865238965787412,0.016348916166100808,0.3120638085742771,8.073596777235858,0.014323930695907663,1.3974371785118147,0.9245777806111037
frozenset({'LUNCH BAG CARS BLUE'}),frozenset({'LUNCH BAG APPLE DESIGN'}),0.05045703839122486,0.044084617393575345,0.015722120658135285,0.3115942028985508,7.068093619067245,0.013497741425845195,1.3885928715756486,0.9041393276422961
frozenset({'JUMBO BAG PINK POLKADOT'}),"frozenset({'JUMBO BAG RED RETROSPOT', 'JUMBO SHOPPER VINTAGE RED PAISLEY'})",0.054687908069992165,0.02987725254635675,0.017027944633063462,0.3113658070678128,10.421500657890343,0.015394020192424366,1.4087635458862198,0.9563450389732248
frozenset({'JUMBO BAG PINK POLKADOT'}),frozenset({'JUMBO BAG PINK VINTAGE PAISLEY'}),0.054687908069992165,0.03865238965787412,0.01676677983807783,0.30659025787965616,7.931987144737861,0.014652961505782493,1.386406264501661,0.9244864150838168
frozenset({'LUNCH BAG  BLACK SKULL.'}),frozenset({'LUNCH BAG APPLE DESIGN'}),0.054270044398015145,0.044084617393575345,0.01655784800208932,0.30510105871029836,6.920805413517372,0.014165373858870473,1.3756178428366692,0.9046008765067682
frozenset({'LUNCH BAG  BLACK SKULL.'}),frozenset({'JUMBO BAG RED RETROSPOT'}),0.054270044398015145,0.09072864977800993,0.01655784800208932,0.30510105871029836,3.362786280373438,0.011634000150464754,1.308494366870703,0.7429473332819942
frozenset({'JUMBO STORAGE BAG SUKI'}),frozenset({'JUMBO STORAGE BAG SKULLS'}),0.05238965787411857,0.029563854792373986,0.015878819535126664,0.30309072781655033,10.252070643194093,0.01432997929711407,1.3924856275296835,0.9523521314309917
frozenset({'JUMBO STORAGE BAG SUKI'}),frozenset({'JUMBO BAG APPLES'}),0.05238965787411857,0.041681901279707494,0.015722120658135285,0.3000997008973081,7.199760368018751,0.013538420110548625,1.369220873242811,0.9087136876270662
